<?xml version="1.0" encoding="UTF-8" standalone="no"?><oval_definitions xmlns="http://oval.mitre.org/XMLSchema/oval-definitions-5" xmlns:oval="http://oval.mitre.org/XMLSchema/oval-common-5" xmlns:oval-def="http://oval.mitre.org/XMLSchema/oval-definitions-5" xmlns:xsi="http://www.w3.org/2001/XMLSchema-instance" xsi:schemaLocation="http://oval.mitre.org/XMLSchema/oval-definitions-5 oval-definitions-schema.xsd http://oval.mitre.org/XMLSchema/oval-definitions-5#windows windows-definitions-schema.xsd http://oval.mitre.org/XMLSchema/oval-definitions-5#independent independent-definitions-schema.xsd http://oval.mitre.org/XMLSchema/oval-common-5 oval-common-schema.xsd">
  <generator>
    <oval:product_name>The OVAL Repository</oval:product_name>
    <oval:schema_version>5.11</oval:schema_version>
    <oval:timestamp>2016-04-22T10:10:43.050-04:00</oval:timestamp>
  </generator>
  <definitions>
    <definition class="inventory" id="oval:org.mitre.oval:def:12541" version="3">
      <metadata>
        <title>Microsoft Windows 8.1 is installed</title>
        <affected family="windows">
          <platform>Microsoft Windows 8.1</platform>
        </affected>
        <reference ref_id="cpe:/o:microsoft:windows_8.1" source="CPE"/>
        <description>The operating system installed on the system is Microsoft Windows 8.1</description>
        <oval_repository>
          <dates>
            <submitted date="2013-07-26T13:03:37">
              <contributor organization="ALTX-SOFT">Maria Kedovskaya</contributor>
            </submitted>
            <status_change date="2013-09-17T17:10:30.444-04:00">DRAFT</status_change>
            <status_change date="2013-10-07T04:11:20.068-04:00">INTERIM</status_change>
            <status_change date="2013-10-28T04:00:37.515-04:00">ACCEPTED</status_change>
          </dates>
          <status>ACCEPTED</status>
        </oval_repository>
      </metadata>
      <criteria>
        <criterion comment="the installed operating system is part of the Microsoft Windows family" test_ref="oval:org.mitre.oval:tst:99"/>
        <criterion comment="Windows 8.1 is installed" test_ref="oval:org.mitre.oval:tst:86924"/>
      </criteria>
    </definition>
  </definitions>
  <tests>
    <registry_test xmlns="http://oval.mitre.org/XMLSchema/oval-definitions-5#windows" check="at least one" check_existence="at_least_one_exists" comment="Windows 8.1 is installed" id="oval:org.mitre.oval:tst:86924" version="1">
      <object object_ref="oval:org.mitre.oval:obj:5590"/>
      <state state_ref="oval:org.mitre.oval:ste:23178"/>
    </registry_test>
    <family_test xmlns="http://oval.mitre.org/XMLSchema/oval-definitions-5#independent" check="only one" check_existence="at_least_one_exists" comment="the installed operating system is part of the Microsoft Windows family" id="oval:org.mitre.oval:tst:99" version="1">
      <object object_ref="oval:org.mitre.oval:obj:99"/>
      <state state_ref="oval:org.mitre.oval:ste:99"/>
    </family_test>
  </tests>
  <objects>
    <registry_object xmlns="http://oval.mitre.org/XMLSchema/oval-definitions-5#windows" comment="This registry key identifies the Windows ProductName" id="oval:org.mitre.oval:obj:5590" version="1">
      <hive>HKEY_LOCAL_MACHINE</hive>
      <key>SOFTWARE\Microsoft\Windows NT\CurrentVersion</key>
      <name>ProductName</name>
    </registry_object>
    <family_object xmlns="http://oval.mitre.org/XMLSchema/oval-definitions-5#independent" comment="This is the default family object. Only one family object should exist." id="oval:org.mitre.oval:obj:99" version="1"/>
  </objects>
  <states>
    <registry_state xmlns="http://oval.mitre.org/XMLSchema/oval-definitions-5#windows" comment="The registry key matches with Windows 8.1" id="oval:org.mitre.oval:ste:23178" version="1">
      <value operation="pattern match">^[a-zA-Z0-9\(\)\s]*[Ww][Ii][Nn][Dd][Oo][Ww][Ss] 8\.1[a-zA-Z0-9\(\)\s]*$</value>
    </registry_state>
    <family_state xmlns="http://oval.mitre.org/XMLSchema/oval-definitions-5#independent" comment="Microsoft Windows family" id="oval:org.mitre.oval:ste:99" version="2">
      <family operation="case insensitive equals">windows</family>
    </family_state>
  </states>
</oval_definitions>