<?xml version="1.0" encoding="UTF-8" standalone="no"?><oval_definitions xmlns="http://oval.mitre.org/XMLSchema/oval-definitions-5" xmlns:ciscf="https://benchmarks.cisecurity.org/ciscf/1.0" xmlns:ecl="http://cisecurity.org/check" xmlns:independent-def="http://oval.mitre.org/XMLSchema/oval-definitions-5#independent" xmlns:oval="http://oval.mitre.org/XMLSchema/oval-common-5" xmlns:oval-def="http://oval.mitre.org/XMLSchema/oval-definitions-5" xmlns:win-def="http://oval.mitre.org/XMLSchema/oval-definitions-5#windows" xmlns:xccdf="http://checklists.nist.gov/xccdf/1.1" xmlns:xsi="http://www.w3.org/2001/XMLSchema-instance" xsi:schemaLocation="http://oval.mitre.org/XMLSchema/oval-definitions-5#windows http://oval.mitre.org/language/version5.10.1/ovaldefinition/complete/windows-definitions-schema.xsd       http://oval.mitre.org/XMLSchema/oval-definitions-5#independent http://oval.mitre.org/language/version5.10.1/ovaldefinition/complete/independent-definitions-schema.xsd       http://oval.mitre.org/XMLSchema/oval-definitions-5 http://oval.mitre.org/language/version5.10.1/ovaldefinition/complete/oval-definitions-schema.xsd       http://oval.mitre.org/XMLSchema/oval-common-5 http://oval.mitre.org/language/version5.10.1/ovaldefinition/complete/oval-common-schema.xsd">
  <generator>
    <oval:product_name>The OVAL Repository</oval:product_name>
    <oval:schema_version>5.10</oval:schema_version>
    <oval:timestamp>2014-01-03T11:55:55.708-05:00</oval:timestamp>
  </generator>
  <definitions>
    <definition class="inventory" id="oval:org.mitre.oval:def:12754" version="5">
      <metadata>
        <title>Microsoft Windows Server 2008 R2 is installed</title>
        <affected family="windows">
          <platform>Microsoft Windows Server 2008 R2</platform>
        </affected>
        <reference ref_id="cpe:/o:microsoft:windows_server_2008:r2" source="CPE"/>
        <description>The operating system installed on the system is Microsoft Windows Server 2008 R2</description>
        <oval_repository>
          <dates>
            <submitted date="2011-09-20T15:00:00">
              <contributor organization="G2, Inc.">Shane Shaffer</contributor>
            </submitted>
            <status_change date="2011-09-20T15:58:41.457-04:00">DRAFT</status_change>
            <status_change date="2011-10-10T04:00:24.056-04:00">INTERIM</status_change>
            <status_change date="2011-10-31T04:00:43.288-04:00">ACCEPTED</status_change>
            <modified comment="EDITED oval:org.mitre.oval:def:12754 - New OVAL inventory definitions for the Windows Server 2008/Windows Server 2008 R2 features." date="2012-12-06T15:44:00.048-05:00">
              <contributor organization="ALTX-SOFT">Sergey Artykhov</contributor>
            </modified>
            <status_change date="2012-12-06T16:19:29.964-05:00">INTERIM</status_change>
            <status_change date="2012-12-24T04:00:04.132-05:00">ACCEPTED</status_change>
          </dates>
          <status>ACCEPTED</status>
        </oval_repository>
      </metadata>
      <criteria>
        <criterion comment="the installed operating system is part of the Microsoft Windows family" test_ref="oval:org.mitre.oval:tst:99"/>
        <criterion comment="Windows Server 2008 R2 is installed" test_ref="oval:org.mitre.oval:tst:10317"/>
      </criteria>
    </definition>
  </definitions>
  <tests>
    <family_test xmlns="http://oval.mitre.org/XMLSchema/oval-definitions-5#independent" check="only one" check_existence="at_least_one_exists" comment="the installed operating system is part of the Microsoft Windows family" id="oval:org.mitre.oval:tst:99" version="1">
      <object object_ref="oval:org.mitre.oval:obj:99"/>
      <state state_ref="oval:org.mitre.oval:ste:99"/>
    </family_test>
    <registry_test xmlns="http://oval.mitre.org/XMLSchema/oval-definitions-5#windows" check="at least one" check_existence="at_least_one_exists" comment="Windows Server 2008 R2 is installed" id="oval:org.mitre.oval:tst:10317" version="4">
      <object object_ref="oval:org.mitre.oval:obj:5590"/>
      <state state_ref="oval:org.mitre.oval:ste:5506"/>
    </registry_test>
  </tests>
  <objects>
    <family_object xmlns="http://oval.mitre.org/XMLSchema/oval-definitions-5#independent" comment="This is the default family object. Only one family object should exist." id="oval:org.mitre.oval:obj:99" version="1"/>
    <registry_object xmlns="http://oval.mitre.org/XMLSchema/oval-definitions-5#windows" comment="This registry key identifies the Windows ProductName" id="oval:org.mitre.oval:obj:5590" version="1">
      <hive>HKEY_LOCAL_MACHINE</hive>
      <key>SOFTWARE\Microsoft\Windows NT\CurrentVersion</key>
      <name>ProductName</name>
    </registry_object>
  </objects>
  <states>
    <family_state xmlns="http://oval.mitre.org/XMLSchema/oval-definitions-5#independent" comment="Microsoft Windows family" id="oval:org.mitre.oval:ste:99" version="2">
      <family operation="case insensitive equals">windows</family>
    </family_state>
    <registry_state xmlns="http://oval.mitre.org/XMLSchema/oval-definitions-5#windows" comment="The registry key matches with 2008 R2" id="oval:org.mitre.oval:ste:5506" version="4">
      <value operation="pattern match">^[a-zA-Z0-9\(\)\s]*2008 [Rr]2[a-zA-Z0-9\(\)\s]*$</value>
    </registry_state>
  </states>
</oval_definitions>